{"cameraMode":{"drawMode":0,"name":"Shaded","section":"Shading Mode"},"sceneLighting":false,"audioPlay":false,"sceneViewState":{"showFog":true,"showMaterialUpdate":false,"showSkybox":false,"showFlares":true,"showImageEffects":true,"showParticleSystems":true},"in2DMode":false,"pivot":{"x":0.0723876953125,"y":0.65960693359375,"z":0.033935546875},"rotation":{"x":0.14345106482505799,"y":-0.2637607157230377,"z":0.039701197296381,"w":0.9530375599861145},"size":1.2010018825531006,"orthographic":true}