{"cameraMode":{"drawMode":0,"name":"Shaded","section":"Shading Mode"},"sceneLighting":false,"audioPlay":false,"sceneViewState":{"showFog":true,"showMaterialUpdate":false,"showSkybox":false,"showFlares":true,"showImageEffects":true,"showParticleSystems":true},"in2DMode":false,"pivot":{"x":5.925344467163086,"y":0.1791585385799408,"z":0.0},"rotation":{"x":0.3422636389732361,"y":0.3902452886104584,"z":-0.15904538333415986,"w":0.8398029208183289},"size":0.8703555464744568,"orthographic":true}