{"cameraMode":{"drawMode":0,"name":"Shaded","section":"Shading Mode"},"sceneLighting":false,"audioPlay":false,"sceneViewState":{"showFog":true,"showMaterialUpdate":false,"showSkybox":false,"showFlares":true,"showImageEffects":true,"showParticleSystems":true},"in2DMode":false,"pivot":{"x":0.010585784912109375,"y":0.5458984375,"z":0.0711669921875},"rotation":{"x":0.0037385541945695879,"y":0.969562292098999,"z":-0.24436889588832856,"w":0.014832121320068837},"size":1.065157413482666,"orthographic":true}