{"cameraMode":{"drawMode":0,"name":"Shaded","section":"Shading Mode"},"sceneLighting":false,"audioPlay":false,"sceneViewState":{"showFog":true,"showMaterialUpdate":false,"showSkybox":false,"showFlares":true,"showImageEffects":true,"showParticleSystems":true},"in2DMode":false,"pivot":{"x":0.40800273418426516,"y":-0.07026723772287369,"z":0.93759685754776},"rotation":{"x":0.34350261092185976,"y":0.1512070596218109,"z":-0.05613965541124344,"w":0.9252007603645325},"size":2.0111916065216066,"orthographic":false}