{"cameraMode":{"drawMode":0,"name":"Shaded","section":"Shading Mode"},"sceneLighting":false,"audioPlay":false,"sceneViewState":{"showFog":true,"showMaterialUpdate":false,"showSkybox":false,"showFlares":true,"showImageEffects":true,"showParticleSystems":true},"in2DMode":false,"pivot":{"x":0.0677642822265625,"y":0.82928466796875,"z":-0.1855926513671875},"rotation":{"x":0.44115379452705386,"y":0.3399292528629303,"z":-0.1852182000875473,"w":0.8096457123756409},"size":0.7921454310417175,"orthographic":true}