{"cameraMode":{"drawMode":0,"name":"Shaded","section":"Shading Mode"},"sceneLighting":true,"audioPlay":false,"sceneViewState":{"showFog":true,"showMaterialUpdate":false,"showSkybox":true,"showFlares":true,"showImageEffects":true,"showParticleSystems":true},"in2DMode":false,"pivot":{"x":1.318302035331726,"y":-3.6015625,"z":-0.4320117235183716},"rotation":{"x":0.5653732419013977,"y":0.004948937799781561,"z":-0.0033922786824405195,"w":0.8248131275177002},"size":5.993852138519287,"orthographic":true}