{"cameraMode":{"drawMode":0,"name":"Shaded","section":"Shading Mode"},"sceneLighting":false,"audioPlay":false,"sceneViewState":{"showFog":true,"showMaterialUpdate":false,"showSkybox":false,"showFlares":true,"showImageEffects":true,"showParticleSystems":true},"in2DMode":false,"pivot":{"x":0.034721411764621738,"y":0.578315019607544,"z":-0.0057591781951487068},"rotation":{"x":0.4575836956501007,"y":0.05860888957977295,"z":-0.030244000256061555,"w":0.8867195844650269},"size":0.9842168688774109,"orthographic":true}