{"cameraMode":{"drawMode":0,"name":"Shaded","section":"Shading Mode"},"sceneLighting":true,"audioPlay":false,"sceneViewState":{"showFog":true,"showMaterialUpdate":false,"showSkybox":true,"showFlares":true,"showImageEffects":true,"showParticleSystems":true},"in2DMode":false,"pivot":{"x":1.312570333480835,"y":3.3885550498962404,"z":-5.690882682800293},"rotation":{"x":-0.406535267829895,"y":0.023839343339204789,"z":-0.01061258465051651,"w":-0.9132642149925232},"size":3.0797958374023439,"orthographic":false}