{"cameraMode":{"drawMode":0,"name":"Shaded","section":"Shading Mode"},"sceneLighting":true,"audioPlay":false,"sceneViewState":{"showFog":true,"showMaterialUpdate":false,"showSkybox":true,"showFlares":true,"showImageEffects":true,"showParticleSystems":true},"in2DMode":false,"pivot":{"x":0.5257260799407959,"y":-3.3849127292633058,"z":2.9760589599609377},"rotation":{"x":0.42005059123039248,"y":-0.0005464289570227265,"z":0.0002523386210668832,"w":0.907501757144928},"size":4.602653503417969,"orthographic":false}