{"cameraMode":{"drawMode":0,"name":"Shaded","section":"Shading Mode"},"sceneLighting":false,"audioPlay":false,"sceneViewState":{"showFog":true,"showMaterialUpdate":false,"showSkybox":false,"showFlares":true,"showImageEffects":true,"showParticleSystems":true},"in2DMode":false,"pivot":{"x":-5.591428279876709,"y":0.8478343486785889,"z":1.7624396085739136},"rotation":{"x":0.07515422254800797,"y":0.9204409718513489,"z":-0.22027625143527986,"w":0.31403666734695437},"size":0.7330126166343689,"orthographic":true}