{"cameraMode":{"drawMode":0,"name":"Shaded","section":"Shading Mode"},"sceneLighting":true,"audioPlay":false,"sceneViewState":{"showFog":true,"showMaterialUpdate":false,"showSkybox":true,"showFlares":true,"showImageEffects":true,"showParticleSystems":true},"in2DMode":false,"pivot":{"x":0.325927734375,"y":-0.3172607421875,"z":0.325927734375},"rotation":{"x":0.3551080822944641,"y":0.42315739393234255,"z":-0.18487322330474854,"w":0.8128090500831604},"size":4.395405292510986,"orthographic":true}