{"cameraMode":{"drawMode":0,"name":"Shaded","section":"Shading Mode"},"sceneLighting":false,"audioPlay":false,"sceneViewState":{"showFog":true,"showMaterialUpdate":false,"showSkybox":false,"showFlares":true,"showImageEffects":true,"showParticleSystems":true},"in2DMode":false,"pivot":{"x":0.8945649266242981,"y":0.865355372428894,"z":0.557373046875},"rotation":{"x":0.22531330585479737,"y":0.17283745110034944,"z":-0.040651097893714908,"w":0.957970917224884},"size":1.5510917901992798,"orthographic":true}